{"cameraMode":{"drawMode":0,"name":"Shaded","section":"Shading Mode"},"sceneLighting":true,"audioPlay":false,"sceneViewState":{"m_AlwaysRefresh":false,"showFog":true,"showSkybox":true,"showFlares":true,"showImageEffects":true,"showParticleSystems":true,"showVisualEffectGraphs":true,"m_FxEnabled":true},"in2DMode":false,"pivot":{"x":7.011936187744141,"y":7.428071022033691,"z":-14.891626358032227},"rotation":{"x":-0.2575405538082123,"y":0.42243221402168276,"z":-0.12658905982971192,"w":-0.8599661588668823},"size":0.002769393613561988,"orthographic":false}